{"cameraMode":{"drawMode":0,"name":"Shaded","section":"Shading Mode"},"sceneLighting":true,"audioPlay":false,"sceneViewState":{"m_AlwaysRefresh":false,"showFog":true,"showSkybox":false,"showFlares":true,"showImageEffects":true,"showParticleSystems":true,"showVisualEffectGraphs":true,"m_FxEnabled":false},"in2DMode":false,"pivot":{"x":0.1328408122062683,"y":0.6400951147079468,"z":-0.015369415283203125},"rotation":{"x":-0.0011546668829396368,"y":0.9982323050498962,"z":-0.05576857551932335,"w":-0.02066550962626934},"size":1.2247450351715088,"orthographic":false}